=== JanC is now known as Guest6155
=== hwpplayer1 is now known as marx
=== marx is now known as josh`
=== josh` is now known as joshua
=== joshua is now known as mertingo
=== mertingo is now known as hwpplayer1
=== wete_ is now known as wete
=== JanC_ is now known as JanC
=== voeid5 is now known as voeid
=== jchittum_ is now known as jchittum
=== kenyon_ is now known as kenyon
=== Juesto is now known as Juest
=== Juesto is now known as Juest
