=== crazybyte7 is now known as crazybyte
=== teward_ is now known as teward
=== frickler_ is now known as frickler
=== punkcoder0 is now known as punkcoder
=== vx^ is now known as vx
=== JanC is now known as Guest8432
=== JanC_ is now known as JanC
=== wete_ is now known as wete
=== popey8 is now known as popey
=== locutusofborg_ is now known as locutusofborg
