=== vx^ is now known as vx
=== JanC is now known as Guest8158
=== JanC_ is now known as JanC
=== chris14_ is now known as chris14
=== JanC_ is now known as JanC
=== cpaelzer_ is now known as cpaelzer
=== popey3 is now known as popey
=== Nokaji_ is now known as Nokaji
=== sdeziel_ is now known as sdeziel
