=== ubot3 is now known as ubottu
=== sespiros_ is now known as sespiros
=== klebers_ is now known as klebers
=== gjolly_ is now known as gjolly
=== joalif_ is now known as joalif
=== halves1 is now known as halves
=== jamespage_ is now known as jamespage
=== mapreri_ is now known as mapreri
=== blackboxsw_ is now known as blackboxsw
=== Kamilion|ZNC is now known as Kamilion
=== Syzzopio`__ is now known as UNREAALou`ni
